,created_at,date_of_purchase,description,id,last_tag_date,name,serial_number,updated_at
0,2018-01-31T20:05:39.199Z,2018-01-23T00:00:00.000Z,EBot,5a722193c46e6a0aea322cc4,2018-05-23T16:48:50.503+00:00,EBot 62335,62335,2018-02-16T19:41:33.511Z
1,2018-02-16T19:45:43.235Z,2018-01-23T00:00:00.000Z,EBot,5a8734e7f770e1002013f6a5,2018-04-24T23:32:27.636+00:00,EBot 62339,62339,2018-02-16T19:45:43.235Z
2,2018-02-19T16:44:36.566Z,2018-01-23T00:00:00.000Z,EBot,5a8afef405a400001cbc1682,2018-04-24T23:32:54.326+00:00,EBot 62427,62427,2018-02-19T16:44:36.566Z
3,2018-02-19T17:27:30.031Z,2018-01-23T00:00:00.000Z,EBot,5a8b090205a400001fbc172d,2018-04-23T16:05:06.982+00:00,EBot 62435,62435,2018-02-19T17:27:30.031Z
4,2018-02-19T20:11:44.630Z,2018-01-23T00:00:00.000Z,EBot,5a8b2f8005a400001fbc17ba,2018-02-19T20:20:02.911+00:00,EBot 62438,62438,2018-02-19T20:11:44.630Z
5,2018-02-19T20:33:18.536Z,2018-01-23T00:00:00.000Z,EBot,5a8b348e05a400001fbc17c0,2018-02-20T16:42:23.732+00:00,EBot 62440,62440,2018-02-19T20:33:18.536Z
6,2018-02-20T22:16:03.479Z,2018-02-21T00:00:00.000Z,Ebot 60989,5a8c9e23f3a77b0b810925af,2018-02-24T20:17:01.795+00:00,Ebot 60989,60989,2018-02-21T17:40:14.308Z
7,2018-02-21T19:03:44.487Z,2018-02-21T00:00:00.000Z,Ebot 61606,5a8dc290cc640d001c8d52fe,2018-02-21T19:14:25.059+00:00,Ebot 61606,61606,2018-02-21T19:03:44.487Z
8,2018-02-27T16:40:27.165Z,2018-01-23T00:00:00.000Z,EBot,5a9589fba15ef0001c2c3f74,2018-02-27T17:04:30.196+00:00,Ebot 62311,62311,2018-02-27T16:40:27.165Z
9,2018-03-07T19:48:54.962Z,2013-11-27T00:00:00.000Z,EBot,5aa0422671cc2c00277ba004,,EBot 62064,62064,2018-03-07T19:48:54.962Z
10,2018-03-07T19:53:45.485Z,2014-02-17T00:00:00.000Z,EBot,5aa0434971cc2c00277ba006,,EBot 62171,62171,2018-03-07T19:53:45.485Z
11,2018-03-07T19:57:34.054Z,2014-06-24T00:00:00.000Z,Ebot 62308,5aa0442e71cc2c00277ba007,,EBot 62308,62308,2018-03-07T19:59:02.886Z
12,2018-03-07T20:02:16.199Z,,EBot,5aa0454871cc2c00277ba009,2018-05-21T20:01:00.545+00:00,Ebot 61775,61775,2018-03-07T20:02:16.199Z
13,2018-03-07T20:03:53.134Z,2014-02-03T00:00:00.000Z,EBot,5aa045a971cc2c001c7ba009,,EBot 62133,62133,2018-03-07T20:03:53.134Z
14,2018-03-07T20:06:29.344Z,2014-10-02T00:00:00.000Z,EBot,5aa0464571cc2c00277ba00a,,EBot 62433,62433,2018-03-07T20:06:29.344Z
15,2018-03-07T20:11:42.269Z,2011-02-11T00:00:00.000Z,EBot,5aa0477e71cc2c001c7ba00b,,EBot 60747,60747,2018-03-07T20:11:42.269Z
16,2018-03-07T20:14:27.697Z,2013-10-09T00:00:00.000Z,EBot,5aa0482371cc2c00277ba00e,2018-05-23T12:49:44.962+00:00,EBot 62021,62021,2018-03-07T20:14:27.697Z
17,2018-03-07T20:16:08.619Z,2013-11-14T00:00:00.000Z,EBot,5aa0488871cc2c00277ba011,2018-05-21T20:13:08.110+00:00,EBot 62044,62044,2018-03-07T20:16:08.619Z
18,2018-03-07T20:19:34.641Z,2014-06-27T00:00:00.000Z,EBot,5aa0495671cc2c001c7ba012,,EBot 62330,62330,2018-03-07T20:19:34.641Z
19,2018-03-07T20:26:44.400Z,2012-04-25T00:00:00.000Z,EBot,5aa04b0471cc2c00277ba018,2018-05-21T18:45:06.755+00:00,EBot 61361,61361,2018-03-07T20:26:44.400Z
20,2018-03-07T20:28:39.609Z,2014-06-24T00:00:00.000Z,EBot,5aa04b7771cc2c001c7ba019,,EBot 62306,62306,2018-03-07T20:28:39.609Z
21,2018-03-07T20:30:22.688Z,2012-11-16T00:00:00.000Z,EBot,5aa04bde71cc2c001c7ba01b,,EBot 61608,61608,2018-03-07T20:30:22.688Z
22,2018-03-07T20:34:42.099Z,2014-07-16T00:00:00.000Z,EBot,5aa04ce271cc2c00277ba01c,,EBot 62344,62344,2018-03-07T20:34:42.099Z
23,2018-03-07T20:36:42.536Z,2017-02-17T00:00:00.000Z,EBot,5aa04d5a71cc2c00277ba01e,2018-05-21T19:28:59.435+00:00,EBot 62162,62162,2018-03-07T20:36:42.536Z
24,2018-03-07T20:37:57.076Z,2014-06-27T00:00:00.000Z,EBot,5aa04da571cc2c001c7ba028,,EBot 62334,62334,2018-03-07T20:37:57.076Z
25,2018-03-07T20:39:38.206Z,2013-04-08T00:00:00.000Z,EBot,5aa04e0a71cc2c001c7ba02b,,EBot 61788,61788,2018-03-07T20:39:38.206Z
26,2018-03-07T20:40:42.597Z,2013-04-05T00:00:00.000Z,EBot,5aa04e4a71cc2c00277ba024,,EBot 61785,61785,2018-03-07T20:40:42.597Z
27,2018-03-07T20:42:09.806Z,2012-04-25T00:00:00.000Z,EBot,5aa04ea171cc2c001c7ba02d,,EBot 61360,61360,2018-03-07T20:42:09.806Z
28,2018-03-07T20:43:37.829Z,2011-02-11T00:00:00.000Z,EBot,5aa04ef971cc2c00277ba026,,EBot 60744,60744,2018-03-07T20:43:37.829Z
29,2018-03-07T20:44:50.048Z,2012-11-16T00:00:00.000Z,EBot,5aa04f4271cc2c00277ba028,,EBot 61606,61606,2018-03-07T20:44:50.048Z
30,2018-03-07T21:25:09.454Z,2011-07-21T00:00:00.000Z,EBot,5aa058b571cc2c00277ba034,,EBot 60989,60989,2018-03-07T21:25:09.454Z
31,2018-03-07T21:26:05.572Z,2014-02-03T00:00:00.000Z,EBot,5aa058ed71cc2c001c7ba03f,,EBot 62130,62130,2018-03-07T21:26:05.572Z
32,2018-03-07T21:26:58.850Z,2013-04-05T00:00:00.000Z,EBot,5aa0592271cc2c00277ba035,,EBot 61787,61787,2018-03-07T21:26:58.850Z
33,2018-03-07T21:29:28.722Z,2013-10-04T00:00:00.000Z,EBot,5aa059b871cc2c00277ba037,,EBot 62008,62008,2018-03-07T21:29:28.722Z
34,2018-03-07T21:30:12.204Z,2013-11-27T00:00:00.000Z,EBot,5aa059e471cc2c001c7ba043,,EBot 62062,62062,2018-03-07T21:30:12.204Z
35,2018-03-07T21:31:01.340Z,2014-07-11T00:00:00.000Z,EBot,5aa05a1571cc2c001c7ba045,,EBot 62332,62332,2018-03-07T21:31:01.340Z
36,2018-03-07T21:32:48.896Z,2013-10-09T00:00:00.000Z,EBot,5aa05a8071cc2c001c7ba049,,EBot 62024,62024,2018-03-07T21:32:48.896Z
37,2018-03-07T21:33:53.696Z,2011-03-02T00:00:00.000Z,EBot,5aa05ac171cc2c00277ba03c,,EBot 60745,60745,2018-03-07T21:33:53.696Z
38,2018-03-07T21:34:51.074Z,2010-07-28T00:00:00.000Z,EBot,5aa05afb71cc2c00277ba03e,,EBot 60468,60468,2018-03-07T21:34:51.074Z
39,2018-03-07T21:35:46.476Z,2014-06-24T00:00:00.000Z,EBot,5aa05b3271cc2c00277ba03f,,EBot 62307,62307,2018-03-07T21:35:46.476Z
40,2018-03-07T21:36:48.105Z,2014-08-20T00:00:00.000Z,EBot,5aa05b7071cc2c00277ba041,,EBot 62423,62423,2018-03-07T21:36:48.105Z
41,2018-03-07T21:55:17.626Z,2014-07-11T00:00:00.000Z,EBot,5aa05fc571cc2c001c7ba04f,,EBot 62341,62341,2018-03-07T21:55:17.626Z
42,2018-03-07T21:56:07.396Z,2013-11-14T00:00:00.000Z,EBot,5aa05ff771cc2c00277ba048,,EBot 62038,62038,2018-03-07T21:56:07.396Z
43,2018-03-07T21:56:52.122Z,2014-02-17T00:00:00.000Z,EBot,5aa0602471cc2c001c7ba050,,EBot 62163,62163,2018-03-07T21:56:52.122Z
44,2018-03-07T21:57:36.544Z,2014-02-17T00:00:00.000Z,EBot,5aa0605071cc2c00277ba04a,,EBot 62165,62165,2018-03-07T21:57:36.544Z
45,2018-03-14T18:47:52.717Z,,EBot,5aa96e5861f7fe2170881034,,EBot 6081,6081,2018-03-14T18:47:52.717Z
46,2018-03-14T18:48:34.723Z,,EBot,5aa96e8261f7fe2190881043,,EBot 6143,6143,2018-03-14T18:48:34.723Z
47,2018-03-14T18:49:21.082Z,,EBot,5aa96eb161f7fe2170881038,,EBot 6144,6144,2018-03-14T18:49:21.082Z
48,2018-03-14T18:49:53.305Z,,EBot,5aa96ed161f7fe2170881039,,EBot 6540,6540,2018-03-14T18:49:53.305Z
49,2018-03-14T18:50:58.191Z,2006-05-25T00:00:00.000Z,EBot,5aa96f1261f7fe2190881048,,EBot 6541,6541,2018-03-14T18:50:58.191Z
50,2018-03-14T18:52:57.697Z,,EBot,5aa96f8961f7fe217088103f,,EBot 6543,6543,2018-03-14T18:52:57.697Z
51,2018-03-14T18:53:56.987Z,,EBot,5aa96fc461f7fe219088104c,,EBot 6674,6674,2018-03-14T18:53:56.987Z
52,2018-03-14T18:54:40.996Z,,EBot,5aa96ff061f7fe2170881044,,EBot 6675,6675,2018-03-14T18:54:40.996Z
53,2018-03-14T18:55:31.227Z,2006-05-01T00:00:00.000Z,EBot,5aa9702361f7fe2170881046,,EBot 6676,6676,2018-03-14T18:55:31.227Z
54,2018-03-14T18:56:07.810Z,,EBot,5aa9704761f7fe2170881049,,EBot 6686,6686,2018-03-14T18:56:07.810Z
55,2018-03-14T18:56:52.925Z,,EBot,5aa9707461f7fe217088104b,,EBot 6687,6687,2018-03-14T18:56:52.925Z
56,2018-03-14T18:57:26.453Z,,EBot,5aa9709661f7fe217088104d,,EBot 6691,6691,2018-03-14T18:57:26.453Z
57,2018-03-14T18:58:21.274Z,,EBot,5aa970cd61f7fe219088105b,,EBot 6692,6692,2018-03-14T18:58:21.274Z
58,2018-03-14T18:59:04.658Z,,EBot,5aa970f861f7fe2170881050,,EBot 6715,6715,2018-03-14T18:59:04.658Z
59,2018-03-14T19:02:05.355Z,,EBot,5aa971ad61f7fe2170881052,,EBot 6716,6716,2018-03-14T19:02:05.355Z
60,2018-03-14T19:03:09.550Z,2006-08-22T00:00:00.000Z,EBot,5aa971ed61f7fe2190881063,,EBot 6717,6717,2018-03-14T19:03:09.550Z
61,2018-03-14T19:10:04.283Z,,EBot,5aa9738c61f7fe219088106c,,EBot 6718,6718,2018-03-14T19:10:04.283Z
62,2018-03-14T19:11:06.355Z,,EBot,5aa973ca61f7fe2190881070,,EBot 6729,6729,2018-03-14T19:11:06.355Z
63,2018-03-14T19:11:28.381Z,,EBot,5aa973e061f7fe217088105e,,EBot 6730,6730,2018-03-14T19:11:28.381Z
64,2018-03-14T19:12:48.741Z,,EBot,5aa9743061f7fe2170881060,,EBot 6750,6750,2018-03-14T19:12:48.741Z
65,2018-03-14T19:14:30.263Z,,EBot,5aa9749661f7fe2170881066,,EBot 6758,6758,2018-03-14T19:14:30.263Z
66,2018-03-14T19:16:25.033Z,2007-11-27T00:00:00.000Z,EBot,5aa9750961f7fe217088106c,,EBot 6774,6774,2018-03-14T19:16:25.033Z
67,2018-03-14T19:17:26.420Z,2007-11-27T00:00:00.000Z,EBot,5aa9754661f7fe219088107d,,EBot 6870,6870,2018-03-14T19:17:26.420Z
68,2018-03-14T19:18:04.112Z,2007-12-11T00:00:00.000Z,EBot,5aa9756c61f7fe219088107f,,EBot 6871,6871,2018-03-14T19:18:04.112Z
69,2018-03-14T19:18:43.235Z,2007-09-30T00:00:00.000Z,EBot,5aa9759361f7fe2190881080,2018-04-12T19:20:24.976+00:00,EBot 6875,6875,2018-03-14T19:18:43.235Z
70,2018-03-14T19:19:45.569Z,2007-09-30T00:00:00.000Z,EBot,5aa975d161f7fe2190881081,2018-04-12T19:07:40.906+00:00,EBot 6876,6876,2018-03-14T19:19:45.569Z
71,2018-03-14T19:20:30.761Z,2007-09-30T00:00:00.000Z,EBot,5aa975fe61f7fe2170881072,2018-04-12T15:40:19.974+00:00,EBot 6877,6877,2018-03-14T19:20:30.761Z
72,2018-03-14T19:21:17.193Z,2007-09-30T00:00:00.000Z,EBot,5aa9762d61f7fe2190881084,2018-04-12T15:37:45.746+00:00,EBot 6878,6878,2018-03-14T19:21:17.193Z
73,2018-03-14T19:22:11.767Z,2007-09-30T00:00:00.000Z,EBot,5aa9766361f7fe2190881086,2018-04-12T15:19:33.015+00:00,EBot 6879,6879,2018-03-14T19:22:11.767Z
74,2018-03-14T19:22:45.473Z,2007-09-30T00:00:00.000Z,EBot,5aa9768561f7fe2190881088,2018-04-11T20:18:59.232+00:00,EBot 6880,6880,2018-03-14T19:22:45.473Z
75,2018-03-14T19:23:22.157Z,2007-09-30T00:00:00.000Z,EBot,5aa976aa61f7fe219088108c,,EBot 6881,6881,2018-03-14T19:23:22.157Z
76,2018-03-14T19:24:12.968Z,2007-09-30T00:00:00.000Z,EBot,5aa976dc61f7fe219088108d,,EBot 6882,6882,2018-03-14T19:24:12.968Z
77,2018-03-14T19:32:56.062Z,2010-07-28T00:00:00.000Z,EBot,5aa978e861f7fe2170881085,,EBot 60449,60449,2018-03-14T19:32:56.062Z
78,2018-03-14T19:33:39.841Z,2010-07-28T00:00:00.000Z,EBot,5aa9791361f7fe219088109c,,EBot 60450,60450,2018-03-14T19:33:39.841Z
79,2018-03-14T19:34:25.442Z,2010-07-28T00:00:00.000Z,EBot,5aa9794161f7fe2170881086,,EBot 60451,60451,2018-03-14T19:34:25.442Z
80,2018-03-14T19:35:05.670Z,2010-07-28T00:00:00.000Z,EBot,5aa9796961f7fe2170881088,,EBot 60452,60452,2018-03-14T19:35:05.670Z
81,2018-03-14T19:42:53.988Z,2010-07-28T00:00:00.000Z,EBot,5aa97b3d61f7fe2170881090,,EBot 60465,60465,2018-03-14T19:42:53.988Z
82,2018-03-14T19:43:34.163Z,2010-07-28T00:00:00.000Z,EBot,5aa97b6661f7fe2170881092,2018-05-17T23:51:30.787+00:00,EBot 60466,60466,2018-03-14T19:43:34.163Z
83,2018-03-14T19:44:25.461Z,2010-07-28T00:00:00.000Z,EBot,5aa97b9961f7fe2170881094,,EBot 60467,60467,2018-03-14T19:44:25.461Z
84,2018-03-14T19:45:12.916Z,2010-07-28T00:00:00.000Z,EBot,5aa97bc861f7fe2170881095,,EBot 60469,60469,2018-03-14T19:45:12.916Z
85,2018-03-14T19:46:09.523Z,2011-02-11T00:00:00.000Z,EBot,5aa97c0161f7fe21908810a9,,EBot 60741,60741,2018-03-14T19:46:09.523Z
86,2018-03-14T19:46:58.244Z,2011-03-02T00:00:00.000Z,EBot,5aa97c3261f7fe21908810ab,,EBot 60742,60742,2018-03-14T19:46:58.244Z
87,2018-03-14T19:48:19.944Z,2011-03-02T00:00:00.000Z,EBot,5aa97c8361f7fe21908810ad,,EBot 60743,60743,2018-03-14T19:48:19.944Z
88,2018-03-14T20:20:07.610Z,2011-03-24T00:00:00.000Z,EBot,5aa983f761f7fe21908810b1,,EBot 60746,60746,2018-03-14T20:20:07.610Z
89,2018-03-14T20:25:45.709Z,2011-03-24T00:00:00.000Z,EBot,5aa9854961f7fe21708810a1,,EBot 60748,60748,2018-03-14T20:25:45.709Z
90,2018-03-14T20:26:31.120Z,2011-03-24T00:00:00.000Z,EBot,5aa9857761f7fe21708810a2,2018-04-27T14:20:11.349+00:00,EBot 60749,60749,2018-03-14T20:26:31.120Z
91,2018-03-14T20:27:28.665Z,2011-03-24T00:00:00.000Z,EBot,5aa985b061f7fe21908810b8,,EBot 60750,60750,2018-03-14T20:27:28.665Z
92,2018-03-14T20:28:12.282Z,2011-07-21T00:00:00.000Z,EBot,5aa985dc61f7fe21708810a6,,EBot 60990,60990,2018-03-14T20:28:12.282Z
93,2018-03-14T20:30:39.695Z,2011-07-21T00:00:00.000Z,EBot,5aa9866f61f7fe21708810a9,2018-04-27T12:30:45.821+00:00,EBot 60991,60991,2018-03-14T20:30:39.695Z
94,2018-03-14T20:31:27.769Z,2012-04-20T00:00:00.000Z,EBot,5aa9869f61f7fe21708810aa,,EBot 61352,61352,2018-03-14T20:31:27.769Z
95,2018-03-14T20:32:54.214Z,2012-04-20T00:00:00.000Z,EBot,5aa986f661f7fe21708810ac,,EBot 61353,61353,2018-03-14T20:32:54.214Z
96,2018-03-14T20:34:16.914Z,2012-04-30T00:00:00.000Z,EBot,5aa9874861f7fe21908810c0,,EBot 61354,61354,2018-03-14T20:34:16.914Z
97,2018-03-14T20:35:23.595Z,2012-04-20T00:00:00.000Z,EBot,5aa9878b61f7fe21708810b0,,EBot 61355,61355,2018-03-14T20:35:23.595Z
98,2018-03-14T20:37:29.107Z,2012-04-20T00:00:00.000Z,EBot,5aa9880961f7fe21908810c1,,EBot 61356,61356,2018-03-14T20:37:29.107Z
99,2018-03-14T20:38:07.008Z,2012-04-30T00:00:00.000Z,EBot,5aa9882e61f7fe21908810c3,,EBot 61357,61357,2018-03-14T20:38:07.008Z
100,2018-03-14T20:38:51.843Z,2012-04-25T00:00:00.000Z,EBot,5aa9885b61f7fe21908810c5,,EBot 61358,61358,2018-03-14T20:38:51.843Z
101,2018-03-14T20:40:27.651Z,2012-04-25T00:00:00.000Z,EBot,5aa988bb61f7fe21908810c7,,EBot 61359,61359,2018-03-14T20:40:27.651Z
102,2018-03-14T20:41:29.198Z,2012-11-16T00:00:00.000Z,EBot,5aa988f961f7fe21708810b3,,EBot 61607,61607,2018-03-14T20:41:29.198Z
103,2018-03-14T20:42:06.929Z,2012-11-23T00:00:00.000Z,EBot,5aa9891e61f7fe21708810b5,,EBot 61609,61609,2018-03-14T20:42:06.929Z
104,2018-03-14T20:42:56.095Z,2012-11-23T00:00:00.000Z,EBot,5aa9895061f7fe21708810b6,2018-04-27T12:41:36.479+00:00,EBot 61610,61610,2018-03-14T20:42:56.095Z
105,2018-03-14T20:43:38.604Z,2012-11-23T00:00:00.000Z,EBot,5aa9897a61f7fe21908810cb,,EBot 61611,61611,2018-03-14T20:43:38.604Z
106,2018-03-14T20:46:07.380Z,2012-11-23T00:00:00.000Z,EBot,5aa98a0f61f7fe21708810ba,,EBot 61612,61612,2018-03-14T20:46:07.380Z
107,2018-03-14T20:48:08.063Z,2012-11-16T00:00:00.000Z,EBot,5aa98a8861f7fe21708810bc,,EBot 61613,61613,2018-03-14T20:48:08.063Z
108,2018-03-14T20:49:23.105Z,2012-11-23T00:00:00.000Z,EBot,5aa98ad361f7fe21908810d0,,EBot 61614,61614,2018-03-14T20:49:23.105Z
109,2018-03-14T20:50:07.906Z,2012-11-23T00:00:00.000Z,EBot,5aa98aff61f7fe21908810d3,,EBot 61615,61615,2018-03-14T20:50:07.906Z
110,2018-03-14T20:50:45.878Z,2013-04-05T00:00:00.000Z,EBot,5aa98b2561f7fe21708810bf,,EBot 61776,61776,2018-03-14T20:51:06.756Z
111,2018-03-14T20:53:15.345Z,2013-04-05T00:00:00.000Z,EBot,5aa98bbb61f7fe21708810c2,2018-04-27T12:23:46.454+00:00,EBot 61777,61777,2018-03-14T20:53:15.345Z
112,2018-03-14T20:55:42.561Z,2013-04-05T00:00:00.000Z,EBot,5aa98c4e61f7fe21708810c4,,EBot 61778,61778,2018-03-14T20:55:42.561Z
113,2018-03-14T20:56:39.803Z,2013-04-05T00:00:00.000Z,EBot,5aa98c8761f7fe21708810c6,,EBot 61780,61780,2018-03-14T20:56:39.803Z
114,2018-03-14T20:57:24.473Z,2013-04-05T00:00:00.000Z,EBot,5aa98cb461f7fe21708810c8,,EBot 61781,61781,2018-03-14T20:57:24.473Z
115,2018-03-14T20:57:59.031Z,2013-04-05T00:00:00.000Z,EBot,5aa98cd761f7fe21908810dd,,EBot 61782,61782,2018-03-14T20:57:59.031Z
116,2018-03-14T20:59:09.621Z,2013-04-05T00:00:00.000Z,EBot,5aa98d1d61f7fe21908810de,2018-04-26T01:27:41.305+00:00,EBot 61783,61783,2018-03-14T20:59:09.621Z
117,2018-03-14T20:59:45.289Z,2013-04-05T00:00:00.000Z,EBot,5aa98d4161f7fe21708810cc,,EBot 61784,61784,2018-03-14T20:59:45.289Z
118,2018-03-14T21:00:27.185Z,2013-04-05T00:00:00.000Z,EBot,5aa98d6b61f7fe21908810e1,,EBot 61786,61786,2018-03-14T21:00:27.185Z
119,2018-03-14T21:01:08.449Z,2013-04-08T00:00:00.000Z,EBot,5aa98d9461f7fe21708810d0,,EBot 61789,61789,2018-03-14T21:01:08.449Z
120,2018-03-14T21:01:52.024Z,2013-08-05T00:00:00.000Z,EBot,5aa98dc061f7fe21908810e4,,EBot 61937,61937,2018-03-14T21:02:00.721Z
121,2018-03-14T21:02:37.303Z,2013-08-05T00:00:00.000Z,EBot,5aa98ded61f7fe21908810e6,,EBot 61938,61938,2018-03-14T21:02:37.303Z
122,2018-03-14T21:03:10.768Z,2013-08-13T00:00:00.000Z,EBot,5aa98e0e61f7fe21708810d3,,EBot 61939,61939,2018-03-14T21:03:10.768Z
123,2018-03-14T21:03:46.232Z,2013-08-05T00:00:00.000Z,EBot,5aa98e3261f7fe21908810e8,,EBot 61940,61940,2018-03-14T21:03:46.232Z
124,2018-03-14T21:04:20.633Z,2013-08-05T00:00:00.000Z,EBot,5aa98e5461f7fe21908810e9,,EBot 61941,61941,2018-03-14T21:04:20.633Z
125,2018-03-14T21:04:54.868Z,2013-08-05T00:00:00.000Z,EBot,5aa98e7661f7fe21908810eb,,EBot 61942,61942,2018-03-14T21:04:54.868Z
126,2018-03-14T21:05:30.512Z,2013-08-05T00:00:00.000Z,EBot,5aa98e9a61f7fe21908810ec,,EBot 61943,61943,2018-03-14T21:05:30.512Z
127,2018-03-14T21:06:11.507Z,2013-08-13T00:00:00.000Z,EBot,5aa98ec361f7fe21708810da,,EBot 61944,61944,2018-03-14T21:06:11.507Z
128,2018-03-14T21:06:52.728Z,2013-08-13T00:00:00.000Z,EBot,5aa98eec61f7fe21708810dc,,EBot 61945,61945,2018-03-14T21:06:52.728Z
129,2018-03-14T21:07:41.433Z,2013-08-13T00:00:00.000Z,EBot,5aa98f1d61f7fe21708810de,,EBot 61946,61946,2018-03-14T21:07:41.433Z
130,2018-03-14T21:08:22.359Z,2013-10-04T00:00:00.000Z,EBot,5aa98f4661f7fe21708810e0,,EBot 62009,62009,2018-03-14T21:08:22.359Z
131,2018-03-14T21:09:17.511Z,2013-10-09T00:00:00.000Z,EBot,5aa98f7d61f7fe21908810ee,2018-04-27T14:27:52.082+00:00,EBot 62017,62017,2018-03-14T21:09:17.511Z
132,2018-03-14T21:10:02.361Z,2013-10-09T00:00:00.000Z,EBot,5aa98faa61f7fe21708810e2,2018-04-26T01:27:08.017+00:00,EBot 62018,62018,2018-03-14T21:10:02.361Z
133,2018-03-14T21:21:58.430Z,2013-10-09T00:00:00.000Z,EBot,5aa9927661f7fe21908810f3,,EBot 62019,62019,2018-03-14T21:21:58.430Z
134,2018-03-14T21:22:45.643Z,2013-10-09T00:00:00.000Z,EBot,5aa992a561f7fe21908810f6,,EBot 62020,62020,2018-03-14T21:22:45.643Z
135,2018-03-15T13:46:11.976Z,2013-10-09T00:00:00.000Z,EBot,5aaa792394042f0b082b0337,,EBot 62022,62022,2018-03-15T13:46:11.976Z
136,2018-03-15T13:47:22.939Z,2013-10-09T00:00:00.000Z,EBot,5aaa796a94042f16132b02d5,,EBot 62023,62023,2018-03-15T13:47:22.939Z
137,2018-03-15T13:49:41.411Z,2013-11-14T00:00:00.000Z,EBot,5aaa79f594042f0b082b0346,,EBot 62039,62039,2018-03-15T13:49:41.411Z
138,2018-03-15T14:04:02.590Z,2013-11-14T00:00:00.000Z,EBot,5aaa7d5294042f0b082b0384,,EBot 62040,62040,2018-03-15T14:04:02.590Z
139,2018-03-15T14:05:10.173Z,2013-11-14T00:00:00.000Z,EBot,5aaa7d9694042f16132b0329,,EBot 62041,62041,2018-03-15T14:05:10.173Z
140,2018-03-15T14:06:03.102Z,2013-11-14T00:00:00.000Z,EBot,5aaa7dcb94042f0b082b0388,,EBot 62042,62042,2018-03-15T14:06:03.102Z
141,2018-03-15T14:12:33.404Z,2013-11-14T00:00:00.000Z,EBot,5aaa7f5194042f0b082b038f,,EBot 62043,62043,2018-03-15T14:12:33.404Z
142,2018-03-15T14:13:58.010Z,2013-11-14T00:00:00.000Z,EBot,5aaa7fa694042f0b082b0392,,EBot 62045,62045,2018-03-15T14:13:58.010Z
143,2018-03-15T14:15:17.734Z,2013-11-20T00:00:00.000Z,EBot,5aaa7ff594042f0b082b0395,,EBot 62046,62046,2018-03-15T14:15:17.734Z
144,2018-03-15T14:17:22.618Z,2013-11-20T00:00:00.000Z,EBot,5aaa807294042f16132b033b,,EBot 62047,62047,2018-03-15T14:17:22.618Z
145,2018-03-15T14:22:45.707Z,2013-11-20T00:00:00.000Z,EBot,5aaa81b594042f16132b0345,,EBot 62048,62048,2018-03-15T14:22:45.707Z
146,2018-03-15T14:23:27.158Z,2013-11-20T00:00:00.000Z,EBot,5aaa81df94042f16132b0346,,EBot 62049,62049,2018-03-15T14:23:27.158Z
147,2018-03-15T14:25:18.117Z,2013-11-20T00:00:00.000Z,EBot,5aaa824e94042f16132b0349,,EBot 62056,62056,2018-03-15T14:25:18.117Z
148,2018-03-15T14:26:43.179Z,2013-11-20T00:00:00.000Z,EBot,5aaa82a394042f0b082b03a2,,EBot 62057,62057,2018-03-15T14:26:43.179Z
149,2018-03-15T14:47:26.261Z,2013-11-20T00:00:00.000Z,EBot,5aaa877e94042f0b082b03c5,,EBot 62058,62058,2018-03-15T14:47:26.261Z
150,2018-03-15T14:48:05.912Z,2013-11-20T00:00:00.000Z,EBot,5aaa87a594042f16132b0373,,EBot 62059,62059,2018-03-15T14:48:05.912Z
151,2018-03-15T14:48:36.982Z,2013-11-20T00:00:00.000Z,EBot,5aaa87c494042f16132b0375,,EBot 62060,62060,2018-03-15T14:48:36.982Z
152,2018-03-15T14:49:27.305Z,2013-11-27T00:00:00.000Z,EBot,5aaa87f794042f0b082b03c9,,EBot 62061,62061,2018-03-15T14:49:27.305Z
153,2018-03-15T14:50:03.134Z,2013-11-27T00:00:00.000Z,EBot,5aaa881b94042f16132b0376,2018-05-23T17:05:23.604+00:00,EBot 62063,62063,2018-03-15T14:50:03.134Z
154,2018-03-15T14:50:55.750Z,2013-11-27T00:00:00.000Z,EBot,5aaa884f94042f0b082b03cc,,EBot 62065,62065,2018-03-15T14:50:55.750Z
155,2018-03-15T14:51:34.720Z,2013-11-27T00:00:00.000Z,EBot,5aaa887694042f16132b037a,,EBot 62066,62066,2018-03-15T14:51:34.720Z
156,2018-03-15T14:56:39.343Z,2013-11-27T00:00:00.000Z,EBot,5aaa89a794042f0b082b03d1,,EBot 62067,62067,2018-03-15T14:56:39.343Z
157,2018-03-15T14:57:17.033Z,2013-11-27T00:00:00.000Z,EBot,5aaa89cd94042f0b082b03d5,,EBot 62068,62068,2018-03-15T14:57:17.033Z
158,2018-03-15T14:58:19.663Z,2014-02-03T00:00:00.000Z,EBot,5aaa8a0b94042f0b082b03d8,,EBot 62129,62129,2018-03-15T14:58:19.663Z
159,2018-03-15T14:59:03.009Z,2014-02-03T00:00:00.000Z,EBot,5aaa8a3694042f0b082b03da,2018-04-12T15:37:26.919+00:00,EBot 62131,62131,2018-03-15T14:59:03.009Z
160,2018-03-15T14:59:59.369Z,2014-02-03T00:00:00.000Z,EBot,5aaa8a6f94042f16132b0389,2018-04-12T15:19:48.863+00:00,EBot 62132,62132,2018-03-15T14:59:59.369Z
161,2018-03-15T15:00:32.395Z,2014-02-03T00:00:00.000Z,EBot,5aaa8a9094042f0b082b03e0,,EBot 62134,62134,2018-03-15T15:00:32.395Z
162,2018-03-15T15:01:12.513Z,2014-02-03T00:00:00.000Z,EBot,5aaa8ab894042f16132b038c,,EBot 62135,62135,2018-03-15T15:01:12.513Z
163,2018-03-15T16:58:41.290Z,2014-02-03T00:00:00.000Z,EBot,5aaaa64194042f216b2b015a,2018-05-16T14:47:10.052+00:00,EBot 62136,62136,2018-03-15T16:58:41.290Z
164,2018-03-15T16:59:22.695Z,2014-02-10T00:00:00.000Z,EBot,5aaaa66a94042f218b2b0154,,EBot 62137,62137,2018-03-15T16:59:22.695Z
165,2018-03-15T17:00:09.039Z,2014-02-10T00:00:00.000Z,EBot,5aaaa69994042f216b2b015c,,EBot 62138,62138,2018-03-15T17:00:09.039Z
166,2018-03-15T17:08:56.761Z,2014-02-10T00:00:00.000Z,EBot,5aaaa8a894042f218b2b0163,,EBot 62139,62139,2018-03-15T17:08:56.761Z
167,2018-03-15T17:13:43.777Z,2014-02-10T00:00:00.000Z,EBot,5aaaa9c794042f216b2b0166,,EBot 62140,62140,2018-03-15T17:13:43.777Z
168,2018-03-15T17:14:25.727Z,2014-02-10T00:00:00.000Z,EBot,5aaaa9f194042f216b2b0167,,EBot 62141,62141,2018-03-15T17:14:25.727Z
169,2018-03-15T17:17:53.104Z,2014-02-10T00:00:00.000Z,EBot,5aaaaac194042f216b2b0175,,EBot 62142,62142,2018-03-15T17:17:53.104Z
170,2018-03-15T17:18:28.730Z,2014-02-10T00:00:00.000Z,EBot,5aaaaae494042f216b2b0178,,EBot 62143,62143,2018-03-15T17:18:28.730Z
171,2018-03-15T17:19:12.793Z,2014-02-10T00:00:00.000Z,EBot,5aaaab1094042f218b2b017c,,EBot 62144,62144,2018-03-15T17:19:12.793Z
172,2018-03-15T17:19:48.754Z,2014-02-10T00:00:00.000Z,EBot,5aaaab3494042f216b2b017d,,EBot 62145,62145,2018-03-15T17:19:48.754Z
173,2018-03-15T17:20:35.915Z,2014-02-10T00:00:00.000Z,EBot,5aaaab6394042f216b2b0180,,EBot 62146,62146,2018-03-15T17:20:35.915Z
174,2018-03-15T17:21:26.161Z,2014-02-10T00:00:00.000Z,EBot,5aaaab9694042f218b2b0188,,EBot 62147,62147,2018-03-15T17:21:26.161Z
175,2018-03-15T17:22:04.139Z,2014-02-10T00:00:00.000Z,EBot,5aaaabbc94042f218b2b018d,,EBot 62148,62148,2018-03-15T17:22:04.139Z
176,2018-03-15T17:22:58.032Z,2014-02-17T00:00:00.000Z,EBot,5aaaabf294042f216b2b018a,,EBot 62164,62164,2018-03-15T17:22:58.032Z
177,2018-03-15T17:23:47.867Z,2014-02-17T00:00:00.000Z,EBot,5aaaac2394042f216b2b0190,,EBot 62168,62168,2018-03-15T17:23:47.867Z
178,2018-03-15T17:26:01.987Z,2014-02-17T00:00:00.000Z,EBot,5aaaaca994042f218b2b019b,,EBot 62169,62169,2018-03-15T17:26:01.987Z
179,2018-03-15T17:26:47.485Z,2014-02-17T00:00:00.000Z,EBot,5aaaacd794042f216b2b019f,,EBot 62170,62170,2018-03-15T17:26:47.485Z
180,2018-03-15T17:34:27.159Z,2014-02-17T00:00:00.000Z,EBot,5aaaaea394042f216b2b01b6,,EBot 62172,62172,2018-03-15T17:34:27.159Z
181,2018-03-15T17:35:01.518Z,2014-02-17T00:00:00.000Z,EBot,5aaaaec594042f218b2b01b9,,EBot 62173,62173,2018-03-15T17:35:01.518Z
182,2018-03-15T17:38:01.645Z,2014-06-24T00:00:00.000Z,EBot,5aaaaf7994042f216b2b01c0,,EBot 62309,62309,2018-03-15T17:38:01.645Z
183,2018-03-15T17:38:44.743Z,2014-06-24T00:00:00.000Z,EBot,5aaaafa494042f216b2b01c3,,EBot 62310,62310,2018-03-15T17:38:44.743Z
184,2018-03-15T17:40:05.163Z,2014-06-27T00:00:00.000Z,EBot,5aaaaff594042f218b2b01d1,,EBot 62326,62326,2018-03-15T17:40:05.163Z
185,2018-03-15T19:59:16.638Z,2014-06-27T00:00:00.000Z,EBot ,5aaad09494042f218b2b021a,,EBot 62327,62327,2018-03-15T19:59:16.638Z
186,2018-03-15T20:00:00.326Z,2014-06-27T00:00:00.000Z,EBot,5aaad0c094042f245f2b0122,2018-05-23T16:48:19.693+00:00,EBot 62328,62328,2018-03-15T20:00:00.326Z
187,2018-03-15T20:00:45.401Z,2014-06-27T00:00:00.000Z,EBot,5aaad0ed94042f218b2b021c,,EBot 62329,62329,2018-03-15T20:00:45.401Z
188,2018-03-15T20:42:07.128Z,2014-06-27T00:00:00.000Z,EBot,5aaada9f94042f245f2b012e,,EBot 62331,62331,2018-03-19T21:09:32.924Z
189,2018-03-16T13:37:47.936Z,2014-07-03T00:00:00.000Z,EBot,5aabc8abbb36dc0ad8f8461f,,EBot 62333,62333,2018-03-16T13:37:47.936Z
190,2018-03-16T13:39:51.038Z,2014-07-03T00:00:00.000Z,EBot,5aabc927bb36dc1568f845d3,,EBot 62336,62336,2018-03-16T13:39:51.038Z
191,2018-03-16T13:40:34.972Z,2014-07-03T00:00:00.000Z,EBot,5aabc952bb36dc0ad8f84621,,EBot 62337,62337,2018-03-16T13:40:34.972Z
192,2018-03-16T13:44:54.924Z,2014-07-08T00:00:00.000Z,EBot,5aabca56bb36dc1568f845e2,2018-05-23T16:48:35.942+00:00,EBot 62338,62338,2018-03-16T13:44:54.924Z
193,2018-03-16T13:46:25.703Z,2014-07-08T00:00:00.000Z,EBot,5aabcab1bb36dc1568f845e9,2018-05-18T04:34:44.076+00:00,EBot 62340,62340,2018-03-16T13:46:25.703Z
194,2018-03-16T15:20:52.512Z,2014-07-11T00:00:00.000Z,EBot,5aabe0d4bb36dc1568f846f4,2018-04-24T23:31:48.317+00:00,EBot 62342,62342,2018-03-16T15:20:52.512Z
195,2018-03-16T15:21:28.720Z,2014-07-08T00:00:00.000Z,EBot,5aabe0f8bb36dc0ad8f84716,,EBot 62343,62343,2018-03-16T15:21:28.720Z
196,2018-03-16T15:22:04.114Z,2014-07-16T00:00:00.000Z,EBot,5aabe11cbb36dc0ad8f84718,,EBot 62345,62345,2018-03-16T15:22:04.114Z
197,2018-03-16T15:24:03.920Z,2014-07-17T00:00:00.000Z,EBot,5aabe193bb36dc0ad8f84728,2018-05-14T17:29:28.963+00:00,EBot 62347,62347,2018-03-16T15:24:03.920Z
198,2018-03-16T15:24:39.928Z,2014-07-29T00:00:00.000Z,EBot,5aabe1b7bb36dc1568f8470c,,EBot 62348,62348,2018-03-19T14:10:38.501Z
199,2018-03-16T15:26:03.247Z,2014-08-08T00:00:00.000Z,EBot,5aabe20bbb36dc0ad8f8472b,2018-04-23T16:05:55.261+00:00,EBot 62349,62349,2018-03-16T15:26:03.247Z
200,2018-03-16T15:26:41.985Z,2014-07-29T00:00:00.000Z,EBot,5aabe231bb36dc0ad8f8472d,,EBot 62356,62356,2018-03-16T15:26:41.985Z
201,2018-03-16T15:27:23.713Z,2014-08-20T00:00:00.000Z,EBot,5aabe25bbb36dc0ad8f84730,,EBot 62422,62422,2018-03-16T15:27:23.713Z
202,2018-03-16T15:28:50.502Z,2014-08-20T00:00:00.000Z,EBot,5aabe2b2bb36dc0ad8f84732,,EBot 62424,62424,2018-03-16T15:28:50.502Z
203,2018-03-16T15:29:51.041Z,2014-09-02T00:00:00.000Z,EBot ,5aabe2efbb36dc0ad8f84734,,EBot 62426,62426,2018-03-16T15:29:51.041Z
204,2018-03-16T15:31:10.230Z,2014-10-02T00:00:00.000Z,EBot,5aabe33ebb36dc0ad8f84736,,EBot 62428,62428,2018-03-16T15:31:10.230Z
205,2018-03-16T15:31:44.353Z,2014-10-02T00:00:00.000Z,EBot,5aabe360bb36dc1568f84718,,EBot 62429,62429,2018-03-16T15:31:44.353Z
206,2018-03-16T15:32:22.844Z,2014-10-02T00:00:00.000Z,EBot,5aabe386bb36dc0ad8f8473a,,EBot 62430,62430,2018-03-16T15:32:22.844Z
207,2018-03-16T15:32:52.325Z,2014-10-02T00:00:00.000Z,EBot,5aabe3a4bb36dc1568f8471a,2018-05-14T17:21:51.881+00:00,EBot 62431,62431,2018-03-16T15:32:52.325Z
208,2018-03-16T15:33:29.081Z,2014-10-02T00:00:00.000Z,EBot,5aabe3c9bb36dc1568f8471c,,EBot 62432,62432,2018-03-16T15:33:29.081Z
209,2018-03-16T15:34:04.543Z,2014-10-16T00:00:00.000Z,EBot,5aabe3ecbb36dc0ad8f8473e,2018-04-27T12:39:52.738+00:00,EBot 62434,62434,2018-03-16T15:34:04.543Z
210,2018-03-16T15:35:15.567Z,2014-10-16T00:00:00.000Z,EBot,5aabe433bb36dc0ad8f8473f,,EBot 62436,62436,2018-03-16T15:35:15.567Z
211,2018-03-16T15:35:45.709Z,2014-10-16T00:00:00.000Z,EBot,5aabe451bb36dc1568f84721,,EBot 62437,62437,2018-03-16T15:35:45.709Z
212,2018-03-16T15:36:26.851Z,2014-10-16T00:00:00.000Z,EBot,5aabe47abb36dc0ad8f84743,,EBot 62438,62438,2018-03-16T15:36:26.851Z
213,2018-03-16T15:37:01.838Z,2014-10-16T00:00:00.000Z,EBot,5aabe49dbb36dc1568f84726,2018-05-14T17:40:12.574+00:00,EBot 62439,62439,2018-03-16T15:37:01.838Z
214,2018-03-16T15:37:35.787Z,2014-10-16T00:00:00.000Z,EBot,5aabe4bfbb36dc1568f84728,,EBot 62440,62440,2018-03-20T13:51:41.790Z
215,2018-03-16T15:38:08.545Z,2014-12-02T00:00:00.000Z,EBot,5aabe4e0bb36dc0ad8f84746,,EBot 62568,62568,2018-03-16T15:38:08.545Z
216,2018-03-19T14:08:29.277Z,2014-09-02T00:00:00.000Z,EBot,5aafc45d4a9bc10ab71a504a,,EBot 62425,62425,2018-03-19T14:08:29.277Z
217,2018-03-20T18:43:55.711Z,,FasTrack,5ab1566bb1d0dc1629695b45,,FasTrack 141,141,2018-03-20T18:43:55.711Z
218,2018-03-20T18:45:23.294Z,,FasTrack,5ab156c3b1d0dc0ae3695cc2,,FasTrack 142,142,2018-03-20T18:45:23.294Z
219,2018-03-20T18:46:29.179Z,,FasTrack,5ab15705b1d0dc1629695b46,,FasTrack 60246,60246,2018-03-20T18:46:29.179Z
220,2018-03-20T19:07:32.869Z,,FasTrack,5ab15bf4b1d0dc211f6959ad,,FasTrack 16499,16499,2018-03-20T19:07:32.869Z
221,2018-03-20T19:08:42.164Z,,FasTrack,5ab15c3ab1d0dc21406959ac,,FasTrack 16500,16500,2018-03-20T19:08:42.164Z
222,2018-03-20T19:17:38.205Z,,FasTrack,5ab15e52b1d0dc21406959b3,,FasTrack 16972,16972,2018-03-20T19:17:38.205Z
223,2018-03-20T19:18:02.252Z,,FasTrack,5ab15e6ab1d0dc211f6959b6,2018-05-17T15:42:36.013+00:00,FasTrack W9207i,W9207i,2018-05-08T16:50:15.387Z
224,2018-03-20T19:18:25.572Z,,FasTrack,5ab15e81b1d0dc211f6959b8,2018-05-17T15:42:00.273+00:00,FasTrack W9194i,W9194i,2018-05-08T16:49:06.566Z
225,2018-03-20T19:20:55.332Z,,FasTrack,5ab15f17b1d0dc21406959bb,,FasTrack 16977,16977,2018-03-20T19:20:55.332Z
226,2018-03-20T19:21:49.072Z,,FasTrack,5ab15f4db1d0dc211f6959bd,,FasTrack 16978,16978,2018-03-20T19:21:49.072Z
227,2018-03-20T19:22:15.597Z,,FasTrack,5ab15f67b1d0dc211f6959be,,FasTrack 16979,16979,2018-03-20T19:22:15.597Z
228,2018-03-20T19:22:56.693Z,,FasTrack,5ab15f90b1d0dc21406959be,2018-05-17T15:28:55.774+00:00,FasTrack 16980,16980,2018-03-20T19:22:56.693Z
229,2018-03-20T19:26:01.331Z,,FasTrack,5ab16049b1d0dc211f6959c3,,FasTrack 16984,16984,2018-03-20T19:26:01.331Z
230,2018-03-20T19:26:27.176Z,,FasTrack,5ab16063b1d0dc211f6959c6,,FasTrack 16985,16985,2018-03-20T19:26:27.176Z
231,2018-03-20T19:28:44.101Z,,Fastrack,5ab160ecb1d0dc21406959c6,,FasTrack 17770,17770,2018-03-20T19:28:44.101Z
232,2018-03-20T19:29:13.481Z,,FasTrack,5ab16109b1d0dc211f6959ca,,FasTrack 17771,17771,2018-03-20T19:29:13.481Z
233,2018-03-20T19:29:47.635Z,,FasTrack,5ab1612bb1d0dc21406959c8,,FasTrack 17772,17772,2018-03-20T19:29:47.635Z
234,2018-03-20T19:30:48.673Z,,FasTrack,5ab16168b1d0dc211f6959cc,2018-05-04T14:48:25.905+00:00,FasTrack 9204,9204,2018-05-02T14:53:14.165Z
235,2018-03-20T19:32:37.819Z,,FasTrack,5ab161d5b1d0dc21406959d6,,FasTrack 17841,17841,2018-03-20T19:32:37.819Z
236,2018-03-20T19:33:48.772Z,,FasTrack,5ab1621cb1d0dc211f6959d0,,FasTrack 17842,17842,2018-03-20T19:33:48.772Z
237,2018-03-20T19:34:27.369Z,,FasTrack,5ab16243b1d0dc211f6959d3,,FasTrack 17843,17843,2018-03-20T19:34:27.369Z
238,2018-03-20T19:45:16.514Z,,FasTrack,5ab164ccb1d0dc211f6959d8,,FasTrack 17844,17844,2018-03-20T19:45:16.514Z
239,2018-03-20T19:45:54.191Z,,FasTrack,5ab164f2b1d0dc21406959dc,,FasTrack 18025,18025,2018-03-20T19:45:54.191Z
240,2018-03-20T19:46:36.339Z,,FasTrack,5ab1651cb1d0dc21406959de,,FasTrack 18026,18026,2018-03-20T19:46:36.339Z
241,2018-03-20T19:47:50.772Z,,FasTrack,5ab16566b1d0dc21406959e0,,FasTrack 9202,9202,2018-05-02T14:51:10.016Z
242,2018-03-20T19:48:11.005Z,,FasTrack,5ab1657ab1d0dc211f6959da,,FasTrack 18028,18028,2018-03-20T19:48:11.005Z
243,2018-03-20T19:48:33.405Z,,FasTrack,5ab16591b1d0dc21406959e3,,FasTrack 18029,18029,2018-03-20T19:48:33.405Z
244,2018-03-20T19:49:07.650Z,,FasTrack,5ab165b3b1d0dc21406959e5,,FasTrack 18030,18030,2018-03-20T19:49:07.650Z
245,2018-03-20T19:49:42.226Z,,FasTrack,5ab165d6b1d0dc211f6959db,2018-05-23T16:49:10.029+00:00,FasTrack 9201,9201,2018-05-02T14:54:01.716Z
246,2018-03-20T19:50:04.973Z,,FasTrack,5ab165ecb1d0dc211f6959dc,,FasTrack 18032,18032,2018-03-20T19:50:04.973Z
247,2018-03-20T19:50:30.367Z,,FasTrack,5ab16606b1d0dc21406959ea,,FasTrack 18033,18033,2018-03-20T19:50:30.367Z
248,2018-03-20T19:54:59.129Z,,FasTrack,5ab16713b1d0dc21406959ee,,FasTrack 17774,17774,2018-03-20T19:54:59.129Z
249,2018-03-20T19:57:19.596Z,,FasTrack,5ab1679fb1d0dc21406959f1,,FasTrack 18035,18035,2018-03-20T19:57:19.596Z
250,2018-03-20T20:08:56.839Z,,FasTrack,5ab16a58b1d0dc21406959f4,,FasTrack 18036,18036,2018-03-20T20:08:56.839Z
251,2018-03-20T20:09:29.658Z,,FasTrack,5ab16a79b1d0dc211f6959e2,,FasTrack 18513,18513,2018-03-20T20:09:29.658Z
252,2018-03-20T20:10:10.958Z,,FasTrack,5ab16aa2b1d0dc21406959f6,,FasTrack 18514,18514,2018-03-20T20:10:10.958Z
253,2018-03-20T20:10:39.337Z,,FasTrack,5ab16abfb1d0dc211f6959e5,,FasTrack 18515,18515,2018-03-20T20:10:39.337Z
254,2018-03-20T20:11:21.254Z,,FasTrack,5ab16ae9b1d0dc21406959f8,,FasTrack 18516,18516,2018-03-20T20:11:21.254Z
255,2018-03-20T20:11:53.656Z,,FasTrack,5ab16b09b1d0dc211f6959e7,,FasTrack 18517,18517,2018-03-20T20:11:53.656Z
256,2018-03-20T20:12:19.057Z,,FasTrack,5ab16b23b1d0dc21406959fb,,FasTrack 18609,18609,2018-03-20T20:12:19.057Z
257,2018-03-20T20:14:09.529Z,,FasTrack,5ab16b91b1d0dc211f6959eb,,FasTrack 18613,18613,2018-03-20T20:14:09.529Z
258,2018-03-20T20:15:34.025Z,,FasTrack,5ab16be6b1d0dc2140695a03,,FasTrack 18615,18615,2018-03-20T20:15:34.025Z
259,2018-03-20T20:42:10.805Z,,FasTrack,5ab17222b1d0dc211f6959f6,,FasTrack 18610,18610,2018-03-20T20:42:10.805Z
260,2018-03-20T20:46:15.124Z,,FasTrack,5ab17317b1d0dc2140695a18,,FasTrack 18618,18618,2018-03-20T20:46:15.124Z
261,2018-03-20T20:47:10.248Z,,FasTrack,5ab1734eb1d0dc211f6959f8,,FasTrack 18619,18619,2018-03-20T20:47:10.248Z
262,2018-03-20T20:47:39.005Z,,FasTrack,5ab1736ab1d0dc211f6959fa,,FasTrack 18620,18620,2018-03-20T20:47:39.005Z
263,2018-03-20T20:49:50.031Z,,FasTrack,5ab173eeb1d0dc211f6959fb,,FasTrack 18622,18622,2018-03-20T20:49:50.031Z
264,2018-03-20T20:50:19.377Z,,FasTrack,5ab1740bb1d0dc2140695a1c,,FasTrack 18623,18623,2018-03-20T20:50:19.377Z
265,2018-03-20T20:51:06.468Z,,FasTrack,5ab1743ab1d0dc2140695a1e,,FasTrack 18624,18624,2018-03-20T20:51:06.468Z
266,2018-03-20T20:51:39.870Z,,FasTrack,5ab1745bb1d0dc211f6959fd,,FasTrack 18625,18625,2018-03-20T20:51:39.870Z
267,2018-03-20T20:52:13.116Z,,FasTrack,5ab1747db1d0dc211f6959fe,,FasTrack 18626,18626,2018-03-20T20:52:13.116Z
268,2018-03-20T20:52:43.418Z,,FasTrack,5ab1749bb1d0dc211f695a00,,FasTrack 18627,18627,2018-03-20T20:52:43.418Z
269,2018-03-20T20:53:31.056Z,,FasTrack,5ab174cbb1d0dc211f695a02,,FasTrack 18628,18628,2018-03-20T20:53:31.056Z
270,2018-03-20T20:55:44.749Z,,FasTrack,5ab17550b1d0dc211f695a07,,FasTrack 18631,18631,2018-03-20T20:55:44.749Z
271,2018-03-20T20:57:47.627Z,,FasTrack,5ab175cbb1d0dc211f695a09,,FasTrack 18633,18633,2018-03-20T20:57:47.627Z
272,2018-03-20T20:59:53.961Z,,FasTrack,5ab17649b1d0dc211f695a0b,,FasTrack 18636,18636,2018-03-20T20:59:53.961Z
273,2018-03-20T21:00:26.871Z,,FasTrack,5ab1766ab1d0dc211f695a0c,,FasTrack 18637,18637,2018-03-20T21:00:26.871Z
274,2018-03-20T21:01:22.870Z,,FasTrack,5ab176a2b1d0dc2140695a29,,FasTrack 18638,18638,2018-03-20T21:01:22.870Z
275,2018-03-20T21:02:17.369Z,,FasTrack,5ab176d9b1d0dc211f695a0d,,FasTrack 18639,18639,2018-03-20T21:02:17.369Z
276,2018-03-20T21:03:26.146Z,,FasTrack,5ab1771eb1d0dc2140695a2b,,Fastrack 18640,18640,2018-03-20T21:03:26.146Z
277,2018-03-20T21:04:07.562Z,,FasTrack,5ab17747b1d0dc211f695a0f,,FasTrack 18641,18641,2018-03-20T21:04:07.562Z
278,2018-03-20T21:04:34.951Z,,FasTrack,5ab17762b1d0dc211f695a10,,FasTrack 18642,18642,2018-03-20T21:04:34.951Z
279,2018-03-20T21:05:04.605Z,,FasTrack,5ab17780b1d0dc211f695a12,,FasTrack 18643,18643,2018-03-20T21:05:04.605Z
280,2018-03-20T21:05:34.363Z,,Fastrack,5ab1779eb1d0dc211f695a14,,FasTrack 18644,18644,2018-03-20T21:05:34.363Z
281,2018-03-20T21:06:17.947Z,,FasTrack,5ab177c9b1d0dc2140695a2f,,FasTrack 18645,18645,2018-03-20T21:06:17.947Z
282,2018-03-20T21:06:59.542Z,,FasTrack,5ab177f3b1d0dc211f695a17,2018-04-22T20:18:55.135+00:00,FasTrack 18646,18646,2018-03-20T21:06:59.542Z
283,2018-03-20T21:07:30.468Z,,FasTrack,5ab17812b1d0dc2140695a31,,FasTrack 18647,18647,2018-03-20T21:07:30.468Z
284,2018-03-20T21:07:59.866Z,,FasTrack,5ab1782fb1d0dc2140695a34,,FasTrack 18648,18648,2018-03-20T21:07:59.866Z
285,2018-03-20T21:09:32.423Z,,FasTrack,5ab1788cb1d0dc2140695a36,,FasTrack 19769,19769,2018-03-20T21:09:32.423Z
286,2018-03-20T21:10:03.748Z,,FasTrack,5ab178abb1d0dc2140695a38,,FasTrack 19770,19770,2018-03-20T21:10:03.748Z
287,2018-03-20T21:10:30.771Z,,FasTrack,5ab178c6b1d0dc2140695a39,,FasTrack 19771,19771,2018-03-20T21:10:30.771Z
288,2018-03-20T21:11:01.537Z,,FasTrack,5ab178e5b1d0dc2140695a3a,,FasTrack 19772,19772,2018-03-20T21:11:01.537Z
289,2018-03-20T21:11:32.698Z,,FasTrack,5ab17904b1d0dc2140695a3b,,FasTrack 19773,19773,2018-03-20T21:11:32.698Z
290,2018-03-20T21:12:03.842Z,,FasTrack,5ab17923b1d0dc2140695a3d,,FasTrack 19774,19774,2018-03-20T21:12:03.842Z
291,2018-03-20T21:12:49.791Z,,FasTrack,5ab17951b1d0dc211f695a1e,,FasTrack 19775,19775,2018-03-20T21:12:49.791Z
292,2018-03-20T21:13:15.133Z,,FasTrack,5ab1796bb1d0dc2140695a3f,,FasTrack 19777,19777,2018-03-20T21:13:15.133Z
293,2018-03-20T21:13:38.920Z,,FasTrack,5ab17982b1d0dc2140695a40,,FasTrack 19778,19778,2018-03-20T21:13:38.920Z
294,2018-03-20T21:14:02.380Z,,FasTrack,5ab1799ab1d0dc211f695a22,,FasTrack 19779,19779,2018-03-20T21:14:02.380Z
295,2018-03-20T21:14:25.675Z,,FasTrack,5ab179b1b1d0dc211f695a23,,FasTrack 19780,19780,2018-03-20T21:14:25.675Z
296,2018-03-20T21:14:47.973Z,,FasTrack,5ab179c7b1d0dc211f695a24,,FasTrack 19781,19781,2018-03-20T21:14:47.973Z
297,2018-03-20T21:15:15.112Z,,FasTrack,5ab179e3b1d0dc211f695a26,,FasTrack 19782,19782,2018-03-20T21:15:15.112Z
298,2018-03-20T21:15:40.029Z,,FasTrack,5ab179fcb1d0dc211f695a27,,FasTrack 19783,19783,2018-03-20T21:15:40.029Z
299,2018-03-20T21:16:12.762Z,,FasTrack,5ab17a1cb1d0dc211f695a29,,FasTrack 19784,19784,2018-03-20T21:16:12.762Z
300,2018-03-20T21:16:41.358Z,,FasTrack,5ab17a39b1d0dc2140695a44,,FasTrack 19785,19785,2018-03-20T21:16:41.358Z
301,2018-03-20T21:17:25.715Z,,FasTrack,5ab17a65b1d0dc2140695a46,,Fastrack 19786,19786,2018-03-20T21:17:25.715Z
302,2018-03-21T14:50:53.882Z,,FasTrack,5ab2714d60341615b69e74f0,,FasTrack 21095,21095,2018-03-21T14:50:53.882Z
303,2018-03-21T14:52:01.265Z,,FasTrack,5ab2719160341615b69e74f6,,FasTrack 21096,21096,2018-03-21T14:52:01.265Z
304,2018-03-21T14:53:37.878Z,,FasTrack,5ab271f160341615b69e74fc,,FasTrack 21097,21097,2018-03-21T14:53:37.878Z
305,2018-03-21T14:54:07.758Z,,FasTrack,5ab2720f60341615b69e74fe,,FasTrack 21098,21098,2018-03-21T14:54:07.758Z
306,2018-03-21T14:54:46.618Z,,FasTrack,5ab272366034160a9a9e76f9,,FasTrack 21099,21099,2018-03-21T14:54:46.618Z
307,2018-03-21T14:55:57.412Z,,FasTrack,5ab2727d6034160a9a9e76fb,,FasTrack 21100,21100,2018-03-21T14:55:57.412Z
308,2018-03-21T14:56:25.700Z,,FasTrack,5ab2729960341615b69e7502,,FasTrack 21101,21101,2018-03-21T14:56:25.700Z
309,2018-03-21T14:56:56.604Z,,FasTrack,5ab272b86034160a9a9e76fd,,FasTrack 21102,21102,2018-03-21T14:56:56.604Z
310,2018-03-21T14:57:24.592Z,,FasTrack,5ab272d460341615b69e7504,,FasTrack 21103,21103,2018-03-21T14:57:24.592Z
311,2018-03-21T14:58:00.888Z,,FasTrack,5ab272f86034160a9a9e76ff,,FasTrack 21104,21104,2018-03-21T14:58:00.888Z
312,2018-03-21T15:10:25.310Z,,FasTrack,5ab275e16034160a9a9e7730,,FasTrack 4434SRO,4434SRO,2018-03-21T15:10:25.310Z
313,2018-03-21T15:11:09.588Z,,FasTrack,5ab2760d6034160a9a9e7734,,FasTrack 5827,5827,2018-03-21T15:11:09.588Z
314,2018-03-21T15:11:51.605Z,,FasTrack,5ab276376034160a9a9e7736,,FasTrack 5828,5828,2018-03-21T15:11:51.605Z
315,2018-03-21T15:12:13.310Z,,FasTrack,5ab2764d6034160a9a9e773a,,FasTrack 5829,5829,2018-03-21T15:12:13.310Z
316,2018-03-21T15:13:15.926Z,,FasTrack,5ab2768b6034160a9a9e7743,,FasTrack 5843,5843,2018-03-21T15:13:15.926Z
317,2018-03-21T15:15:21.543Z,,FasTrack,5ab277096034160a9a9e7749,,FasTrack 3464,3464,2018-03-22T14:27:35.060Z
318,2018-03-21T15:16:00.621Z,,FasTrack,5ab277306034160a9a9e774b,,FasTrack 3465,3465,2018-03-22T14:27:56.481Z
319,2018-03-22T14:27:06.139Z,,FasTrack,5ab3bd3ab9fced0b00b8a0f1,,FasTrack 3466,3466,2018-03-22T14:27:06.139Z
320,2018-03-22T14:28:41.146Z,,FasTrack,5ab3bd99b9fced0b00b8a0f3,,FasTrack 3467,3467,2018-03-22T14:28:41.146Z
321,2018-03-22T14:29:12.295Z,,FasTrack,5ab3bdb8b9fced0b00b8a0f5,,FasTrack 3468,3468,2018-03-22T14:29:12.295Z
322,2018-03-22T14:30:03.559Z,,FasTrack,5ab3bdebb9fced0b00b8a0f7,,FasTrack 3469,3469,2018-03-22T14:30:03.559Z
323,2018-03-22T14:41:27.608Z,,FasTrack,5ab3c097b9fced0aebb8a11a,,FasTrack 3470,3470,2018-03-22T14:41:27.608Z
324,2018-03-22T14:41:51.499Z,,FasTrack,5ab3c0afb9fced0b00b8a0ff,,FasTrack 3471,3471,2018-03-22T14:41:51.499Z
325,2018-03-22T14:44:22.640Z,,FasTrack,5ab3c146b9fced0b00b8a106,,FasTrack 3472,3472,2018-03-22T14:44:22.640Z
326,2018-03-22T14:44:57.819Z,,FasTrack,5ab3c169b9fced0aebb8a11f,,FasTrack 3473,3473,2018-03-22T14:44:57.819Z
327,2018-03-22T14:45:32.910Z,,FasTrack,5ab3c18cb9fced0aebb8a122,2018-05-17T15:39:13.655+00:00,FasTrack 4427,4427,2018-03-22T14:45:32.910Z
328,2018-03-22T14:45:57.263Z,,FasTrack,5ab3c1a5b9fced0b00b8a10c,,FasTrack 4428,4428,2018-03-22T14:45:57.263Z
329,2018-03-22T14:46:49.703Z,,FasTrack,5ab3c1d9b9fced0aebb8a126,,FasTrack 4429,4429,2018-03-22T14:46:49.703Z
330,2018-03-22T14:47:10.262Z,,FasTrack,5ab3c1eeb9fced0aebb8a128,,FasTrack 4430,4430,2018-03-22T14:47:10.262Z
331,2018-03-22T14:53:03.206Z,,FasTrack,5ab3c34fb9fced0b00b8a114,,FasTrack 4431,4431,2018-03-22T14:53:03.206Z
332,2018-03-22T14:53:29.737Z,,FasTrack,5ab3c369b9fced0aebb8a12c,,FasTrack 4432,4432,2018-03-22T14:53:29.737Z
333,2018-03-22T15:02:22.127Z,,FasTrack,5ab3c57eb9fced0aebb8a141,,FasTrack 4433,4433,2018-03-22T15:02:22.127Z
334,2018-03-22T15:02:52.213Z,,FasTrack,5ab3c59cb9fced0b00b8a122,,FasTrack 4435,4435,2018-03-22T15:02:52.213Z
335,2018-03-22T15:03:25.661Z,,FasTrack,5ab3c5bdb9fced0aebb8a145,,FasTrack 4436,4436,2018-03-22T15:03:25.661Z
336,2018-03-22T15:04:21.580Z,,FasTrack,5ab3c5f5b9fced0aebb8a146,,FasTrack 4819,4819,2018-03-22T15:04:21.580Z
337,2018-03-22T15:31:47.484Z,,FasTrack ,5ab3cc63b9fced0aebb8a191,,FasTrack 4820,4820,2018-03-22T15:31:47.484Z
338,2018-03-22T15:32:11.973Z,,FasTrack,5ab3cc7bb9fced0aebb8a196,,FasTrack 4821,4821,2018-03-22T15:32:11.973Z
339,2018-03-22T15:32:38.019Z,,FasTrack,5ab3cc96b9fced0aebb8a198,,FasTrack 4822,4822,2018-03-22T15:32:38.019Z
340,2018-03-22T15:33:19.342Z,,FasTrack,5ab3ccbfb9fced0aebb8a19b,,FasTrack 4823,4823,2018-03-22T15:33:19.342Z
341,2018-03-22T15:34:14.952Z,,FasTrack,5ab3ccf6b9fced0aebb8a19d,,FasTrack 4824,4824,2018-03-22T15:34:14.952Z
342,2018-03-22T15:34:55.733Z,,FasTrack,5ab3cd1fb9fced0aebb8a1a1,,FasTrack 4825,4825,2018-03-22T15:34:55.733Z
343,2018-03-22T15:35:17.786Z,,FasTrack,5ab3cd35b9fced0aebb8a1a3,,FasTrack 5820,5820,2018-03-22T15:35:17.786Z
344,2018-03-22T15:35:47.593Z,,FasTrack,5ab3cd53b9fced0b00b8a17d,,FasTrack 5822,5822,2018-03-22T15:35:47.593Z
345,2018-03-22T15:36:13.513Z,,FasTrack,5ab3cd6db9fced0aebb8a1a6,,FasTrack 5823,5823,2018-03-22T15:36:13.513Z
346,2018-03-22T15:36:58.420Z,,FasTrack,5ab3cd9ab9fced0b00b8a186,,FasTrack 5824,5824,2018-03-22T15:36:58.420Z
347,2018-03-22T15:45:26.661Z,,FasTrack,5ab3cf96b9fced0b00b8a1a1,,FasTrack 898,898,2018-03-22T15:45:26.661Z
348,2018-03-22T15:45:56.598Z,,FasTrack,5ab3cfb4b9fced0b00b8a1a6,,FasTrack 2487,2487,2018-03-22T15:45:56.598Z
349,2018-03-22T15:46:21.008Z,,FasTrack,5ab3cfccb9fced0aebb8a1c4,,FasTrack 2488,2488,2018-03-22T15:46:21.008Z
350,2018-03-22T15:46:41.725Z,,Fastrack,5ab3cfe1b9fced0aebb8a1c6,,FasTrack 8231,8231,2018-05-09T16:24:19.438Z
351,2018-03-22T15:46:58.780Z,,FasTrack,5ab3cff2b9fced0aebb8a1c7,,FasTrack 3043,3043,2018-03-22T15:46:58.780Z
352,2018-03-22T15:47:15.806Z,,FasTrack,5ab3d003b9fced0b00b8a1b1,,FasTrack 3044,3044,2018-03-22T15:47:15.806Z
353,2018-03-22T15:47:38.399Z,,FasTrack,5ab3d01ab9fced0b00b8a1b5,,FasTrack 3045,3045,2018-03-22T15:47:38.399Z
354,2018-03-22T15:48:07.241Z,,FasTrack,5ab3d037b9fced0aebb8a1cd,,FasTrack 3046,3046,2018-03-22T15:48:07.241Z
355,2018-03-22T15:48:52.416Z,,FasTrack,5ab3d064b9fced0aebb8a1d5,,FasTrack 3047,3047,2018-03-22T15:48:52.416Z
356,2018-03-22T15:50:53.290Z,,FasTrack,5ab3d0ddb9fced0aebb8a1e2,,FasTrack 3048,3048,2018-03-22T15:50:53.290Z
357,2018-03-22T15:51:14.941Z,,FasTrack,5ab3d0f2b9fced0b00b8a1c1,,FasTrack 3049,3049,2018-03-22T15:51:14.941Z
358,2018-03-22T15:51:48.701Z,,FasTrack,5ab3d114b9fced0aebb8a1e7,,FasTrack 4826,4826,2018-03-22T15:51:48.701Z
359,2018-03-22T15:52:12.523Z,,FasTrack,5ab3d12cb9fced0b00b8a1c4,,FasTrack 4828,4828,2018-03-22T15:52:12.523Z
360,2018-03-22T15:56:17.670Z,,FasTrack,5ab3d221b9fced0b00b8a1cf,2018-04-23T16:07:58.037+00:00,FasTrack 5825,5825,2018-03-22T15:56:17.670Z
361,2018-03-22T15:57:56.026Z,,FasTrack,5ab3d284b9fced0b00b8a1d6,2018-04-25T21:04:58.486+00:00,FasTrack 4827,4827,2018-03-22T15:57:56.026Z
362,2018-03-22T15:58:12.321Z,,FasTrack,5ab3d294b9fced0b00b8a1d8,,FasTrack 5821,5821,2018-03-22T15:58:12.321Z
363,2018-03-22T15:58:35.046Z,,FasTrack,5ab3d2abb9fced0aebb8a1f6,,FasTrack 5830,5830,2018-03-22T15:58:35.046Z
364,2018-04-04T14:34:52.533Z,,FasTrack,5ac4e28c2a6fb0001fffda52,,FasTrack 5826,5826,2018-04-04T14:34:52.533Z
365,2018-04-04T16:35:28.694Z,,FasTrack,5ac4fed02a6fb0001cffdb2c,,FasTrack 64209,64209,2018-04-04T16:35:28.694Z
366,2018-04-05T14:28:03.156Z,,FasTrack,5ac63273a3e750001fbe0b45,,FasTrack 16490,16490,2018-04-05T14:28:03.156Z
367,2018-04-22T19:57:19.629Z,,Fastrack,5adce91fdc4b240020436611,2018-04-25T21:03:47.768+00:00,Fastrack 9208,9208,2018-04-22T19:57:19.629Z
368,2018-04-22T19:57:57.195Z,,Fastrack,5adce945dc4b24001c436622,2018-04-24T23:30:00.018+00:00,Fastrack 8838,8838,2018-04-22T19:57:57.195Z
